{"mean":{"confidence_interval":{"confidence_level":0.95,"lower_bound":1294492.5005617978,"upper_bound":1299085.341011236},"point_estimate":1296441.9101123593,"standard_error":1457.2397480133357},"median":{"confidence_interval":{"confidence_level":0.95,"lower_bound":1290144.52247191,"upper_bound":1300211.2780898877},"point_estimate":1295080.3370786516,"standard_error":3315.003634271316},"median_abs_dev":{"confidence_interval":{"confidence_level":0.95,"lower_bound":6361.853145481666,"upper_bound":16456.505716265427},"point_estimate":10094.17364101724,"standard_error":2837.9459400181845},"slope":null,"std_dev":{"confidence_interval":{"confidence_level":0.95,"lower_bound":7825.6540209854475,"upper_bound":11893.149503924204},"point_estimate":9700.058764454792,"standard_error":1170.6734216221262}}