{"mean":{"confidence_interval":{"confidence_level":0.95,"lower_bound":1317659.9672514622,"upper_bound":1327674.421637427},"point_estimate":1321643.1111111112,"standard_error":2866.264297004964},"median":{"confidence_interval":{"confidence_level":0.95,"lower_bound":1316030.5994152047,"upper_bound":1321336.8421052631},"point_estimate":1317272.5146198831,"standard_error":1828.8499642567126},"median_abs_dev":{"confidence_interval":{"confidence_level":0.95,"lower_bound":4434.946386176225,"upper_bound":15460.439813241526},"point_estimate":7706.0517930145,"standard_error":2798.4390495318326},"slope":null,"std_dev":{"confidence_interval":{"confidence_level":0.95,"lower_bound":9504.522081401417,"upper_bound":23018.524755678878},"point_estimate":17630.321724756417,"standard_error":4385.659970092794}}