{"mean":{"confidence_interval":{"confidence_level":0.95,"lower_bound":1266033.1004950495,"upper_bound":1269640.4896039602},"point_estimate":1267600.2574257425,"standard_error":1112.0680364704378},"median":{"confidence_interval":{"confidence_level":0.95,"lower_bound":1265402.9702970297,"upper_bound":1267140.2351485149},"point_estimate":1265702.9702970297,"standard_error":647.0069220810639},"median_abs_dev":{"confidence_interval":{"confidence_level":0.95,"lower_bound":1424.617103421002,"upper_bound":5332.49741770556},"point_estimate":2005.1797663810316,"standard_error":1194.9197220460528},"slope":null,"std_dev":{"confidence_interval":{"confidence_level":0.95,"lower_bound":4124.201769786765,"upper_bound":7773.231987449228},"point_estimate":5776.331864556937,"standard_error":1063.573311041509}}