{"mean":{"confidence_interval":{"confidence_level":0.95,"lower_bound":68828957.64999999,"upper_bound":70242507.47619048},"point_estimate":69375492.97619048,"standard_error":392328.1963238563},"median":{"confidence_interval":{"confidence_level":0.95,"lower_bound":68721062.5,"upper_bound":69376808.33333333},"point_estimate":68975375.0,"standard_error":189840.34418221505},"median_abs_dev":{"confidence_interval":{"confidence_level":0.95,"lower_bound":55094.47402188072,"upper_bound":777275.0987006191},"point_estimate":381917.7532196045,"standard_error":211628.03522954867},"slope":{"confidence_interval":{"confidence_level":0.95,"lower_bound":68694015.54982817,"upper_bound":70009648.91891892},"point_estimate":69076740.77922077,"standard_error":352619.9711172177},"std_dev":{"confidence_interval":{"confidence_level":0.95,"lower_bound":181135.2956522225,"upper_bound":1996979.9072863078},"point_estimate":1310783.3585458328,"standard_error":602222.8892035668}}