{"mean":{"confidence_interval":{"confidence_level":0.95,"lower_bound":164828359.5,"upper_bound":166740951.40625},"point_estimate":165925886.25,"standard_error":548277.7514487195},"median":{"confidence_interval":{"confidence_level":0.95,"lower_bound":164689525.0,"upper_bound":167581752.03125},"point_estimate":166169093.75,"standard_error":755705.8558176334},"median_abs_dev":{"confidence_interval":{"confidence_level":0.95,"lower_bound":224416.29323456445,"upper_bound":2602963.9404444024},"point_estimate":2187270.4749181867,"standard_error":686732.1578526844},"slope":null,"std_dev":{"confidence_interval":{"confidence_level":0.95,"lower_bound":1228685.4328484167,"upper_bound":2257595.676010924},"point_estimate":1923941.786632059,"standard_error":333101.0145538988}}