{"mean":{"confidence_interval":{"confidence_level":0.95,"lower_bound":139496301.25,"upper_bound":139892835.275},"point_estimate":139708050.0,"standard_error":118430.04924010056},"median":{"confidence_interval":{"confidence_level":0.95,"lower_bound":139395694.375,"upper_bound":139868166.875},"point_estimate":139710270.0,"standard_error":136553.71289844366},"median_abs_dev":{"confidence_interval":{"confidence_level":0.95,"lower_bound":50037.93443664911,"upper_bound":407060.980848223},"point_estimate":313955.370426178,"standard_error":95663.5780538136},"slope":null,"std_dev":{"confidence_interval":{"confidence_level":0.95,"lower_bound":156599.95994781557,"upper_bound":413601.4141013993},"point_estimate":350946.6257614302,"standard_error":81514.35456135249}}