{"mean":{"confidence_interval":{"confidence_level":0.95,"lower_bound":160886091.75,"upper_bound":162168544.53125},"point_estimate":161368523.75,"standard_error":379968.3695847039},"median":{"confidence_interval":{"confidence_level":0.95,"lower_bound":160883406.25,"upper_bound":162581512.5},"point_estimate":161142662.5,"standard_error":496775.75318162807},"median_abs_dev":{"confidence_interval":{"confidence_level":0.95,"lower_bound":229820.60179486874,"upper_bound":1982687.4311752617},"point_estimate":1299508.1431791186,"standard_error":481573.8651302578},"slope":null,"std_dev":{"confidence_interval":{"confidence_level":0.95,"lower_bound":881886.3396089263,"upper_bound":1425998.6708970852},"point_estimate":1259176.334626049,"standard_error":166922.3358874829}}