{"mean":{"confidence_interval":{"confidence_level":0.95,"lower_bound":12657550170.0,"upper_bound":12761497767.0},"point_estimate":12707383790.0,"standard_error":26653826.862930447},"median":{"confidence_interval":{"confidence_level":0.95,"lower_bound":12648995250.0,"upper_bound":12770673250.0},"point_estimate":12688662950.0,"standard_error":25938781.556125607},"median_abs_dev":{"confidence_interval":{"confidence_level":0.95,"lower_bound":5718536.358475685,"upper_bound":155793161.96411848},"point_estimate":59472125.78415871,"standard_error":38226524.871861756},"slope":null,"std_dev":{"confidence_interval":{"confidence_level":0.95,"lower_bound":41063990.379987024,"upper_bound":115394263.42585333},"point_estimate":88810544.8690194,"standard_error":19219237.85168498}}