{"mean":{"confidence_interval":{"confidence_level":0.95,"lower_bound":12858230800.0,"upper_bound":12913788085.25},"point_estimate":12884522830.0,"standard_error":14282837.06643805},"median":{"confidence_interval":{"confidence_level":0.95,"lower_bound":12845038600.0,"upper_bound":12924634050.0},"point_estimate":12865751700.0,"standard_error":20569534.508076996},"median_abs_dev":{"confidence_interval":{"confidence_level":0.95,"lower_bound":4170553.7259578705,"upper_bound":78843925.30024052},"point_estimate":44189855.90547323,"standard_error":18892290.865155064},"slope":null,"std_dev":{"confidence_interval":{"confidence_level":0.95,"lower_bound":23513465.364578277,"upper_bound":59712978.63234211},"point_estimate":47463734.97610922,"standard_error":9286314.100233585}}