{"mean":{"confidence_interval":{"confidence_level":0.95,"lower_bound":12842061540.0,"upper_bound":12960908465.75},"point_estimate":12895603230.0,"standard_error":30576643.573509607},"median":{"confidence_interval":{"confidence_level":0.95,"lower_bound":12831056900.0,"upper_bound":12947673050.0},"point_estimate":12867527600.0,"standard_error":30570257.829059463},"median_abs_dev":{"confidence_interval":{"confidence_level":0.95,"lower_bound":18213814.80664015,"upper_bound":145257287.64116764},"point_estimate":69893617.51914024,"standard_error":33186100.363082144},"slope":null,"std_dev":{"confidence_interval":{"confidence_level":0.95,"lower_bound":39275021.503329866,"upper_bound":141105665.2117664},"point_estimate":101362523.52840658,"standard_error":28819419.83527494}}