{"mean":{"confidence_interval":{"confidence_level":0.95,"lower_bound":4270596405.0,"upper_bound":4299273185.0},"point_estimate":4285171210.0,"standard_error":7340810.406197729},"median":{"confidence_interval":{"confidence_level":0.95,"lower_bound":4256149750.0,"upper_bound":4304978025.0},"point_estimate":4294284675.0,"standard_error":13907870.288848072},"median_abs_dev":{"confidence_interval":{"confidence_level":0.95,"lower_bound":1632268.4410214424,"upper_bound":36240747.88659811},"point_estimate":30151746.859699488,"standard_error":10403493.14822318},"slope":null,"std_dev":{"confidence_interval":{"confidence_level":0.95,"lower_bound":15985152.35992885,"upper_bound":28148352.586165875},"point_estimate":24484677.22094326,"standard_error":3131408.8182509854}}