{"mean":{"confidence_interval":{"confidence_level":0.95,"lower_bound":3925461050.0,"upper_bound":3964318935.0},"point_estimate":3943963130.0,"standard_error":9958820.842033084},"median":{"confidence_interval":{"confidence_level":0.95,"lower_bound":3916599300.0,"upper_bound":3973958800.0},"point_estimate":3927708950.0,"standard_error":18582172.427624468},"median_abs_dev":{"confidence_interval":{"confidence_level":0.95,"lower_bound":2884954.223781824,"upper_bound":50991246.21972442},"point_estimate":21507707.16816187,"standard_error":15193971.825816462},"slope":null,"std_dev":{"confidence_interval":{"confidence_level":0.95,"lower_bound":19044635.191763613,"upper_bound":40232339.890108585},"point_estimate":33220580.107644785,"standard_error":5483666.307356308}}