{"mean":{"confidence_interval":{"confidence_level":0.95,"lower_bound":3858469745.0,"upper_bound":3878507610.0},"point_estimate":3868294440.0,"standard_error":5149376.532635774},"median":{"confidence_interval":{"confidence_level":0.95,"lower_bound":3851513200.0,"upper_bound":3889391600.0},"point_estimate":3863904675.0,"standard_error":8515434.71631906},"median_abs_dev":{"confidence_interval":{"confidence_level":0.95,"lower_bound":1819965.5976891518,"upper_bound":28462991.35968089},"point_estimate":18561632.760465145,"standard_error":7284598.431767414},"slope":null,"std_dev":{"confidence_interval":{"confidence_level":0.95,"lower_bound":10394955.296494117,"upper_bound":20351775.597793452},"point_estimate":17209072.095180236,"standard_error":2511130.7032202743}}