{"mean":{"confidence_interval":{"confidence_level":0.95,"lower_bound":3891160410.0,"upper_bound":3923823429.375},"point_estimate":3905708500.0,"standard_error":8476652.118544078},"median":{"confidence_interval":{"confidence_level":0.95,"lower_bound":3885785250.0,"upper_bound":3918250700.0},"point_estimate":3899891150.0,"standard_error":7563636.930879973},"median_abs_dev":{"confidence_interval":{"confidence_level":0.95,"lower_bound":2953598.602563143,"upper_bound":36724631.45300746},"point_estimate":23960372.30461836,"standard_error":9196065.450582668},"slope":null,"std_dev":{"confidence_interval":{"confidence_level":0.95,"lower_bound":10355543.3248749,"upper_bound":39745166.26827755},"point_estimate":28223476.496103577,"standard_error":8616628.706805598}}