{"mean":{"confidence_interval":{"confidence_level":0.95,"lower_bound":218235486.6875,"upper_bound":220764416.5625},"point_estimate":219427662.5,"standard_error":773990.0838750803},"median":{"confidence_interval":{"confidence_level":0.95,"lower_bound":217370632.8125,"upper_bound":221188479.6875},"point_estimate":218430387.5,"standard_error":1184259.9706995627},"median_abs_dev":{"confidence_interval":{"confidence_level":0.95,"lower_bound":711159.6559993925,"upper_bound":4663216.137461364},"point_estimate":1884847.879037261,"standard_error":1238344.03632846},"slope":null,"std_dev":{"confidence_interval":{"confidence_level":0.95,"lower_bound":1605773.5736433058,"upper_bound":3172737.1573374905},"point_estimate":2766958.4733976303,"standard_error":458186.57091418235}}