{"mean":{"confidence_interval":{"confidence_level":0.95,"lower_bound":235443303.9375,"upper_bound":237277957.125},"point_estimate":236666922.5,"standard_error":559864.4218210193},"median":{"confidence_interval":{"confidence_level":0.95,"lower_bound":234775895.9375,"upper_bound":238405200.0},"point_estimate":237804512.5,"standard_error":1140296.1717054818},"median_abs_dev":{"confidence_interval":{"confidence_level":0.95,"lower_bound":178720.9404520691,"upper_bound":3347049.130327999},"point_estimate":1511418.0106669664,"standard_error":1045121.7396627225},"slope":null,"std_dev":{"confidence_interval":{"confidence_level":0.95,"lower_bound":1849604.729117208,"upper_bound":2882579.648448799},"point_estimate":2379940.269396657,"standard_error":298707.74856736365}}