{"mean":{"confidence_interval":{"confidence_level":0.95,"lower_bound":234591221.9375,"upper_bound":237576623.3125},"point_estimate":236129637.5,"standard_error":927919.9030619422},"median":{"confidence_interval":{"confidence_level":0.95,"lower_bound":232858358.75,"upper_bound":238781454.375},"point_estimate":236069300.0,"standard_error":1743460.8014724143},"median_abs_dev":{"confidence_interval":{"confidence_level":0.95,"lower_bound":1143458.9361995468,"upper_bound":6112847.257537766},"point_estimate":4942247.012257576,"standard_error":1509298.5658704292},"slope":null,"std_dev":{"confidence_interval":{"confidence_level":0.95,"lower_bound":2634226.0622998253,"upper_bound":4114663.083426427},"point_estimate":3483143.6358683626,"standard_error":425809.4891925337}}