{"mean":{"confidence_interval":{"confidence_level":0.95,"lower_bound":2942047551.0,"upper_bound":2964150094.25},"point_estimate":2954647260.0,"standard_error":6493881.250752658},"median":{"confidence_interval":{"confidence_level":0.95,"lower_bound":2944528053.75,"upper_bound":2967163185.0},"point_estimate":2960380050.0,"standard_error":7092483.235343955},"median_abs_dev":{"confidence_interval":{"confidence_level":0.95,"lower_bound":4542982.839345934,"upper_bound":35991255.96302748},"point_estimate":18151916.257739067,"standard_error":9138047.292329043},"slope":null,"std_dev":{"confidence_interval":{"confidence_level":0.95,"lower_bound":14276144.33143991,"upper_bound":32263174.932824858},"point_estimate":27020204.625559576,"standard_error":5484667.373065391}}