{"mean":{"confidence_interval":{"confidence_level":0.95,"lower_bound":3068578780.75,"upper_bound":3090690270.0},"point_estimate":3078291090.0,"standard_error":6561461.817046109},"median":{"confidence_interval":{"confidence_level":0.95,"lower_bound":3061822442.5,"upper_bound":3096937365.0},"point_estimate":3079930300.0,"standard_error":13006249.599411637},"median_abs_dev":{"confidence_interval":{"confidence_level":0.95,"lower_bound":4236774.053782226,"upper_bound":32546525.73343364},"point_estimate":26530978.26898098,"standard_error":8721661.824397575},"slope":null,"std_dev":{"confidence_interval":{"confidence_level":0.95,"lower_bound":15767771.00300585,"upper_bound":26145851.916842684},"point_estimate":21821286.439084098,"standard_error":2960668.2219528235}}