{"mean":{"confidence_interval":{"confidence_level":0.95,"lower_bound":3029321099.0,"upper_bound":3078169984.5},"point_estimate":3052837450.0,"standard_error":14491707.614797993},"median":{"confidence_interval":{"confidence_level":0.95,"lower_bound":3025060502.5,"upper_bound":3059825650.0},"point_estimate":3056141450.0,"standard_error":10543506.172625663},"median_abs_dev":{"confidence_interval":{"confidence_level":0.95,"lower_bound":3665917.466416958,"upper_bound":47143426.70928687},"point_estimate":23001426.641643047,"standard_error":16655652.23739642},"slope":null,"std_dev":{"confidence_interval":{"confidence_level":0.95,"lower_bound":16879609.26840104,"upper_bound":50548921.69948212},"point_estimate":42854424.984572284,"standard_error":8752261.615810825}}