{"mean":{"confidence_interval":{"confidence_level":0.95,"lower_bound":13489518067.5,"upper_bound":13632438810.0},"point_estimate":13556544200.0,"standard_error":36353287.43372123},"median":{"confidence_interval":{"confidence_level":0.95,"lower_bound":13433877000.0,"upper_bound":13600279100.0},"point_estimate":13576329300.0,"standard_error":42669404.05238567},"median_abs_dev":{"confidence_interval":{"confidence_level":0.95,"lower_bound":13225977.845191956,"upper_bound":228577034.00194645},"point_estimate":59698963.58013153,"standard_error":56407619.845319405},"slope":null,"std_dev":{"confidence_interval":{"confidence_level":0.95,"lower_bound":56946528.78848524,"upper_bound":166090991.35110515},"point_estimate":121304896.99595807,"standard_error":30559988.89480813}}