{"mean":{"confidence_interval":{"confidence_level":0.95,"lower_bound":452628496.5,"upper_bound":455243740.0},"point_estimate":453738730.0,"standard_error":680780.5612280547},"median":{"confidence_interval":{"confidence_level":0.95,"lower_bound":452295800.0,"upper_bound":454858400.0},"point_estimate":452980775.0,"standard_error":590559.152214937},"median_abs_dev":{"confidence_interval":{"confidence_level":0.95,"lower_bound":202337.83140778542,"upper_bound":2870461.809039116},"point_estimate":1257318.9076781273,"standard_error":652644.4151588337},"slope":null,"std_dev":{"confidence_interval":{"confidence_level":0.95,"lower_bound":594130.737734276,"upper_bound":3298624.0743553466},"point_estimate":2270445.000459406,"standard_error":785207.2087399238}}