{"mean":{"confidence_interval":{"confidence_level":0.95,"lower_bound":11955031107.0,"upper_bound":11996022030.0},"point_estimate":11976186770.0,"standard_error":10548138.393830176},"median":{"confidence_interval":{"confidence_level":0.95,"lower_bound":11946413350.0,"upper_bound":12005312350.0},"point_estimate":11981684250.0,"standard_error":16820640.828967884},"median_abs_dev":{"confidence_interval":{"confidence_level":0.95,"lower_bound":6327959.077656269,"upper_bound":60881114.66914415},"point_estimate":36440083.4530592,"standard_error":14270447.105972035},"slope":null,"std_dev":{"confidence_interval":{"confidence_level":0.95,"lower_bound":20029278.883554023,"upper_bound":43480379.77430643},"point_estimate":35149017.2860905,"standard_error":6012758.842110862}}