{"mean":{"confidence_interval":{"confidence_level":0.95,"lower_bound":195926671.375,"upper_bound":199516269.9375},"point_estimate":197070642.5,"standard_error":1067162.3538105064},"median":{"confidence_interval":{"confidence_level":0.95,"lower_bound":194828187.5,"upper_bound":201096300.0},"point_estimate":195226025.0,"standard_error":2450446.9275683574},"median_abs_dev":{"confidence_interval":{"confidence_level":0.95,"lower_bound":473412.7040952446,"upper_bound":5130426.940541713},"point_estimate":3599623.008593917,"standard_error":1479604.1502526216},"slope":null,"std_dev":{"confidence_interval":{"confidence_level":0.95,"lower_bound":2763112.5010050526,"upper_bound":4419174.543394469},"point_estimate":3745577.990908635,"standard_error":440650.26535787625}}