{"mean":{"confidence_interval":{"confidence_level":0.95,"lower_bound":192100320.3125,"upper_bound":196470859.4375},"point_estimate":193913857.5,"standard_error":1123310.7087484496},"median":{"confidence_interval":{"confidence_level":0.95,"lower_bound":192374375.0,"upper_bound":195857220.0},"point_estimate":194084612.5,"standard_error":1334217.7265282932},"median_abs_dev":{"confidence_interval":{"confidence_level":0.95,"lower_bound":357535.006714985,"upper_bound":5560971.193023024},"point_estimate":2535598.0724841356,"standard_error":1607118.528086389},"slope":null,"std_dev":{"confidence_interval":{"confidence_level":0.95,"lower_bound":1830824.7756629982,"upper_bound":4116788.715732058},"point_estimate":3428029.1728032706,"standard_error":716382.6573424254}}