{"mean":{"confidence_interval":{"confidence_level":0.95,"lower_bound":172308749.55,"upper_bound":175666713.45},"point_estimate":173569998.0,"standard_error":896467.0067617326},"median":{"confidence_interval":{"confidence_level":0.95,"lower_bound":171726977.75,"upper_bound":175681958.0},"point_estimate":174156450.0,"standard_error":1231931.50358275},"median_abs_dev":{"confidence_interval":{"confidence_level":0.95,"lower_bound":727035.151192546,"upper_bound":5067647.171281278},"point_estimate":3335612.7247810364,"standard_error":1135627.1620618645},"slope":null,"std_dev":{"confidence_interval":{"confidence_level":0.95,"lower_bound":1980621.9228798228,"upper_bound":3701365.9452380873},"point_estimate":3005516.0990189724,"standard_error":517835.9298580769}}