{"mean":{"confidence_interval":{"confidence_level":0.95,"lower_bound":18891999.060185187,"upper_bound":19025954.10648148},"point_estimate":18955975.370370373,"standard_error":34379.50217590803},"median":{"confidence_interval":{"confidence_level":0.95,"lower_bound":18893736.111111112,"upper_bound":18931900.0},"point_estimate":18916672.222222224,"standard_error":15107.446587080021},"median_abs_dev":{"confidence_interval":{"confidence_level":0.95,"lower_bound":34005.077729626515,"upper_bound":235581.01748426448},"point_estimate":95528.8583040219,"standard_error":59512.2484180156},"slope":null,"std_dev":{"confidence_interval":{"confidence_level":0.95,"lower_bound":131012.52467860228,"upper_bound":229599.16001187896},"point_estimate":191511.76036637486,"standard_error":25322.609632526404}}