{"mean":{"confidence_interval":{"confidence_level":0.95,"lower_bound":18209691.04385965,"upper_bound":18263181.456140354},"point_estimate":18235584.035087716,"standard_error":13698.492168165674},"median":{"confidence_interval":{"confidence_level":0.95,"lower_bound":18191236.842105262,"upper_bound":18242794.736842103},"point_estimate":18215734.210526317,"standard_error":11866.836222872214},"median_abs_dev":{"confidence_interval":{"confidence_level":0.95,"lower_bound":29823.66894420592,"upper_bound":100031.7030003996},"point_estimate":67867.96458457994,"standard_error":18180.820629017413},"slope":null,"std_dev":{"confidence_interval":{"confidence_level":0.95,"lower_bound":53425.54356690695,"upper_bound":92680.88213382415},"point_estimate":76362.40181710997,"standard_error":9987.349741983262}}