{"mean":{"confidence_interval":{"confidence_level":0.95,"lower_bound":17451646.329166666,"upper_bound":17502213.5},"point_estimate":17475750.833333332,"standard_error":12953.381880296807},"median":{"confidence_interval":{"confidence_level":0.95,"lower_bound":17432847.5,"upper_bound":17465905.0},"point_estimate":17447547.5,"standard_error":11141.004048979094},"median_abs_dev":{"confidence_interval":{"confidence_level":0.95,"lower_bound":16508.750706911087,"upper_bound":80267.9625749588},"point_estimate":31494.129940867424,"standard_error":15576.388859254388},"slope":null,"std_dev":{"confidence_interval":{"confidence_level":0.95,"lower_bound":50675.40123293995,"upper_bound":84992.17727914877},"point_estimate":72076.02071571824,"standard_error":8750.481250681432}}