{"mean":{"confidence_interval":{"confidence_level":0.95,"lower_bound":10887649.120192306,"upper_bound":10933472.754807692},"point_estimate":10909737.115384614,"standard_error":12640.040056151636},"median":{"confidence_interval":{"confidence_level":0.95,"lower_bound":10893999.08653846,"upper_bound":10919981.730769232},"point_estimate":10909266.346153846,"standard_error":6435.905328174318},"median_abs_dev":{"confidence_interval":{"confidence_level":0.95,"lower_bound":2449.248028632931,"upper_bound":43243.520895737136},"point_estimate":15886.628948725718,"standard_error":12935.504335566557},"slope":null,"std_dev":{"confidence_interval":{"confidence_level":0.95,"lower_bound":9501.563924195842,"upper_bound":55562.24009292044},"point_estimate":42476.25431167535,"standard_error":13603.928152588194}}