{"mean":{"confidence_interval":{"confidence_level":0.95,"lower_bound":12949328.744318182,"upper_bound":13015785.494318182},"point_estimate":12986889.772727273,"standard_error":20095.63355445722},"median":{"confidence_interval":{"confidence_level":0.95,"lower_bound":12920940.880681818,"upper_bound":13026589.772727273},"point_estimate":12992185.227272727,"standard_error":28092.32036697991},"median_abs_dev":{"confidence_interval":{"confidence_level":0.95,"lower_bound":21293.547286736266,"upper_bound":103383.84424979615},"point_estimate":68103.56674546583,"standard_error":21684.810722319675},"slope":null,"std_dev":{"confidence_interval":{"confidence_level":0.95,"lower_bound":40467.73145403109,"upper_bound":80602.7412688496},"point_estimate":65765.09179963615,"standard_error":11868.090013435734}}