{"mean":{"confidence_interval":{"confidence_level":0.95,"lower_bound":11543926.69387755,"upper_bound":11634780.051020406},"point_estimate":11592311.428571427,"standard_error":28384.32353366721},"median":{"confidence_interval":{"confidence_level":0.95,"lower_bound":11540669.43877551,"upper_bound":11646469.489795918},"point_estimate":11572294.897959184,"standard_error":30323.89593215272},"median_abs_dev":{"confidence_interval":{"confidence_level":0.95,"lower_bound":10324.72031669961,"upper_bound":171203.38324624603},"point_estimate":54673.14331507241,"standard_error":50144.28210239421},"slope":null,"std_dev":{"confidence_interval":{"confidence_level":0.95,"lower_bound":45333.93041844562,"upper_bound":133662.62886241206},"point_estimate":98142.46082921009,"standard_error":26606.220983033956}}