{"mean":{"confidence_interval":{"confidence_level":0.95,"lower_bound":9636943080.25,"upper_bound":9989438737.25},"point_estimate":9839505940.0,"standard_error":96245929.83083834},"median":{"confidence_interval":{"confidence_level":0.95,"lower_bound":9611607141.25,"upper_bound":10055261970.0},"point_estimate":10008423750.0,"standard_error":130797023.02988738},"median_abs_dev":{"confidence_interval":{"confidence_level":0.95,"lower_bound":16378120.676480245,"upper_bound":483888155.0562678},"point_estimate":100185581.27135038,"standard_error":149519988.0510873},"slope":null,"std_dev":{"confidence_interval":{"confidence_level":0.95,"lower_bound":162486597.78680027,"upper_bound":377874436.38955384},"point_estimate":304515512.75143856,"standard_error":62392116.89840469}}