{"mean":{"confidence_interval":{"confidence_level":0.95,"lower_bound":9552624034.5,"upper_bound":9925638378.25},"point_estimate":9773236450.0,"standard_error":113629159.29100826},"median":{"confidence_interval":{"confidence_level":0.95,"lower_bound":9527229867.5,"upper_bound":10015880143.75},"point_estimate":9949949200.0,"standard_error":141756100.5663328},"median_abs_dev":{"confidence_interval":{"confidence_level":0.95,"lower_bound":39951006.21172788,"upper_bound":524047961.3820387},"point_estimate":140184423.57122898,"standard_error":138307802.8591961},"slope":null,"std_dev":{"confidence_interval":{"confidence_level":0.95,"lower_bound":158331662.43326092,"upper_bound":444310769.38019997},"point_estimate":366649311.2227336,"standard_error":82090771.1509194}}