{"mean":{"confidence_interval":{"confidence_level":0.95,"lower_bound":9783480365.75,"upper_bound":10129065345.75},"point_estimate":9936315730.0,"standard_error":107464582.08903642},"median":{"confidence_interval":{"confidence_level":0.95,"lower_bound":9844536200.0,"upper_bound":10199743000.0},"point_estimate":10105745100.0,"standard_error":102274056.94620784},"median_abs_dev":{"confidence_interval":{"confidence_level":0.95,"lower_bound":73542177.44636537,"upper_bound":444674890.5914425},"point_estimate":159205810.58353186,"standard_error":115893728.06250149},"slope":null,"std_dev":{"confidence_interval":{"confidence_level":0.95,"lower_bound":128535002.62682772,"upper_bound":502571256.2335895},"point_estimate":390123082.48537284,"standard_error":105682678.30958532}}