{"mean":{"confidence_interval":{"confidence_level":0.95,"lower_bound":262096245.73611113,"upper_bound":263248347.94444442},"point_estimate":262722953.33333334,"standard_error":297337.3371319449},"median":{"confidence_interval":{"confidence_level":0.95,"lower_bound":262168627.7777778,"upper_bound":263375241.6666667},"point_estimate":262955825.0,"standard_error":270242.09364777006},"median_abs_dev":{"confidence_interval":{"confidence_level":0.95,"lower_bound":59155.738949775696,"upper_bound":1421615.6947612616},"point_estimate":804924.1173763947,"standard_error":414952.0725777503},"slope":null,"std_dev":{"confidence_interval":{"confidence_level":0.95,"lower_bound":403573.47193792,"upper_bound":1358878.072345739},"point_estimate":989699.2659964238,"standard_error":267708.53489633725}}