{"mean":{"confidence_interval":{"confidence_level":0.95,"lower_bound":1723823.420779221,"upper_bound":1739727.0558441556},"point_estimate":1733003.7922077922,"standard_error":4486.389055174613},"median":{"confidence_interval":{"confidence_level":0.95,"lower_bound":1724792.7597402597,"upper_bound":1741655.844155844},"point_estimate":1733307.7922077922,"standard_error":4557.76998296653},"median_abs_dev":{"confidence_interval":{"confidence_level":0.95,"lower_bound":12140.135102651271,"upper_bound":27748.110052827116},"point_estimate":22198.565060442175,"standard_error":4349.003319050936},"slope":null,"std_dev":{"confidence_interval":{"confidence_level":0.95,"lower_bound":13668.61186133451,"upper_bound":31273.46027226742},"point_estimate":23090.51123822737,"standard_error":4829.99996260621}}