{"mean":{"confidence_interval":{"confidence_level":0.95,"lower_bound":1583509.3397849463,"upper_bound":1594431.1440860215},"point_estimate":1588659.1397849463,"standard_error":3197.3639600887395},"median":{"confidence_interval":{"confidence_level":0.95,"lower_bound":1583774.1935483871,"upper_bound":1596520.322580645},"point_estimate":1592796.7741935484,"standard_error":3941.7173008399786},"median_abs_dev":{"confidence_interval":{"confidence_level":0.95,"lower_bound":8489.997155724008,"upper_bound":20653.494439778948},"point_estimate":13376.877827028962,"standard_error":3736.135290917296},"slope":null,"std_dev":{"confidence_interval":{"confidence_level":0.95,"lower_bound":11485.84160066401,"upper_bound":21683.101516838677},"point_estimate":17921.701492316435,"standard_error":3099.3473266182264}}