{"mean":{"confidence_interval":{"confidence_level":0.95,"lower_bound":1682442.137037037,"upper_bound":1698706.8172839505},"point_estimate":1691296.0493827162,"standard_error":4543.7853571840205},"median":{"confidence_interval":{"confidence_level":0.95,"lower_bound":1687639.0740740742,"upper_bound":1699881.4814814816},"point_estimate":1694641.975308642,"standard_error":3508.3962544678147},"median_abs_dev":{"confidence_interval":{"confidence_level":0.95,"lower_bound":5483.789532273075,"upper_bound":26175.11949826182},"point_estimate":10877.890917990007,"standard_error":6130.338065519136},"slope":null,"std_dev":{"confidence_interval":{"confidence_level":0.95,"lower_bound":12336.869275692485,"upper_bound":40118.90572147934},"point_estimate":28096.21856157402,"standard_error":7617.453446255882}}