{"mean":{"confidence_interval":{"confidence_level":0.95,"lower_bound":178019245.375,"upper_bound":179473357.45833334},"point_estimate":178675870.0,"standard_error":455616.177929084},"median":{"confidence_interval":{"confidence_level":0.95,"lower_bound":177943983.33333334,"upper_bound":179827659.1666667},"point_estimate":178345541.6666667,"standard_error":621350.0957521023},"median_abs_dev":{"confidence_interval":{"confidence_level":0.95,"lower_bound":250679.8567995617,"upper_bound":2059984.0163029523},"point_estimate":1106896.7853486612,"standard_error":617615.7649994744},"slope":null,"std_dev":{"confidence_interval":{"confidence_level":0.95,"lower_bound":973785.7701193745,"upper_bound":2017567.9390983942},"point_estimate":1681951.7586922352,"standard_error":321813.2015973772}}