{"mean":{"confidence_interval":{"confidence_level":0.95,"lower_bound":173026463.5,"upper_bound":175672890.375},"point_estimate":174454771.66666666,"standard_error":741833.7584688157},"median":{"confidence_interval":{"confidence_level":0.95,"lower_bound":172465617.7083333,"upper_bound":175370136.25000003},"point_estimate":173306516.6666667,"standard_error":782734.8922836821},"median_abs_dev":{"confidence_interval":{"confidence_level":0.95,"lower_bound":175861.06687782722,"upper_bound":3963888.247001919},"point_estimate":1264497.1625507174,"standard_error":1049081.8865776567},"slope":null,"std_dev":{"confidence_interval":{"confidence_level":0.95,"lower_bound":1230546.3133133827,"upper_bound":3382867.3571517947},"point_estimate":2748021.729185774,"standard_error":587504.9000476887}}