{"mean":{"confidence_interval":{"confidence_level":0.95,"lower_bound":151921700.07142857,"upper_bound":152880518.75},"point_estimate":152384907.14285713,"standard_error":232872.1753338377},"median":{"confidence_interval":{"confidence_level":0.95,"lower_bound":151889718.57142857,"upper_bound":152530007.14285713},"point_estimate":152059442.85714287,"standard_error":171476.4374111048},"median_abs_dev":{"confidence_interval":{"confidence_level":0.95,"lower_bound":86575.63121297903,"upper_bound":843397.1160267325},"point_estimate":343179.53390735167,"standard_error":242459.83298788237},"slope":null,"std_dev":{"confidence_interval":{"confidence_level":0.95,"lower_bound":257706.59399729266,"upper_bound":1543352.2044525284},"point_estimate":1083641.665661595,"standard_error":407634.75861737365}}