{"mean":{"confidence_interval":{"confidence_level":0.95,"lower_bound":12452921120.5,"upper_bound":12522516380.0},"point_estimate":12487806690.0,"standard_error":17835003.083020065},"median":{"confidence_interval":{"confidence_level":0.95,"lower_bound":12436979900.0,"upper_bound":12540976350.0},"point_estimate":12483215600.0,"standard_error":30920412.9491045},"median_abs_dev":{"confidence_interval":{"confidence_level":0.95,"lower_bound":8444963.580071926,"upper_bound":96266624.76092577},"point_estimate":78332724.82931614,"standard_error":22334551.47818438},"slope":null,"std_dev":{"confidence_interval":{"confidence_level":0.95,"lower_bound":37789673.658772916,"upper_bound":70994505.41813938},"point_estimate":59350568.13161475,"standard_error":8522947.554826915}}