{"mean":{"confidence_interval":{"confidence_level":0.95,"lower_bound":284172097.14285713,"upper_bound":285112950.39285713},"point_estimate":284614998.5714286,"standard_error":242195.90771355198},"median":{"confidence_interval":{"confidence_level":0.95,"lower_bound":283907857.14285713,"upper_bound":285259878.57142854},"point_estimate":284476178.57142854,"standard_error":324222.57403045817},"median_abs_dev":{"confidence_interval":{"confidence_level":0.95,"lower_bound":103157.18816854332,"upper_bound":1363165.9557989792},"point_estimate":789177.3759893135,"standard_error":326900.6878018859},"slope":null,"std_dev":{"confidence_interval":{"confidence_level":0.95,"lower_bound":378863.5834710885,"upper_bound":1019805.8768456692},"point_estimate":810836.4443997866,"standard_error":165033.85649832102}}