{"mean":{"confidence_interval":{"confidence_level":0.95,"lower_bound":2420346829.0,"upper_bound":2427305998.25},"point_estimate":2424562830.0,"standard_error":2161813.1977399006},"median":{"confidence_interval":{"confidence_level":0.95,"lower_bound":2417761272.5,"upper_bound":2428806926.25},"point_estimate":2423014950.0,"standard_error":4203306.5642078305},"median_abs_dev":{"confidence_interval":{"confidence_level":0.95,"lower_bound":2333838.4550660853,"upper_bound":13455378.685869277},"point_estimate":9012428.719997406,"standard_error":3602181.2001054613},"slope":null,"std_dev":{"confidence_interval":{"confidence_level":0.95,"lower_bound":5411117.846074349,"upper_bound":9721736.436568951},"point_estimate":8384593.270338163,"standard_error":1132768.8761368755}}