{"mean":{"confidence_interval":{"confidence_level":0.95,"lower_bound":2536248103.25,"upper_bound":2573062270.75},"point_estimate":2552488370.0,"standard_error":10739629.384560566},"median":{"confidence_interval":{"confidence_level":0.95,"lower_bound":2531533638.75,"upper_bound":2554729721.25},"point_estimate":2544988400.0,"standard_error":6465530.492094076},"median_abs_dev":{"confidence_interval":{"confidence_level":0.95,"lower_bound":8256808.670662344,"upper_bound":28619681.79114906},"point_estimate":16355301.609635353,"standard_error":5970601.235867275},"slope":null,"std_dev":{"confidence_interval":{"confidence_level":0.95,"lower_bound":12317340.375843298,"upper_bound":59018470.655795075},"point_estimate":37947474.224220626,"standard_error":14199765.954258138}}