{"mean":{"confidence_interval":{"confidence_level":0.95,"lower_bound":2544179318.75,"upper_bound":2578605801.25},"point_estimate":2562728530.0,"standard_error":10143485.731133144},"median":{"confidence_interval":{"confidence_level":0.95,"lower_bound":2535671682.5,"upper_bound":2568115061.25},"point_estimate":2552887350.0,"standard_error":9768873.224949049},"median_abs_dev":{"confidence_interval":{"confidence_level":0.95,"lower_bound":12626436.65483594,"upper_bound":57935844.57193314},"point_estimate":31118142.587542534,"standard_error":12896579.46512397},"slope":null,"std_dev":{"confidence_interval":{"confidence_level":0.95,"lower_bound":16938046.1979768,"upper_bound":53028676.38216193},"point_estimate":42116116.534332134,"standard_error":11541427.48774112}}