{"mean":{"confidence_interval":{"confidence_level":0.95,"lower_bound":14959008.948717946,"upper_bound":15037149.756410258},"point_estimate":14994685.384615386,"standard_error":19963.4307870362},"median":{"confidence_interval":{"confidence_level":0.95,"lower_bound":14945926.923076924,"upper_bound":15006330.769230768},"point_estimate":14971942.307692308,"standard_error":19103.558227879686},"median_abs_dev":{"confidence_interval":{"confidence_level":0.95,"lower_bound":44694.68689881583,"upper_bound":116788.9617727354},"point_estimate":71558.25796035673,"standard_error":17199.972390080682},"slope":null,"std_dev":{"confidence_interval":{"confidence_level":0.95,"lower_bound":61068.81922682042,"upper_bound":157103.44338550916},"point_estimate":111956.7714391923,"standard_error":26222.553091571284}}