{"mean":{"confidence_interval":{"confidence_level":0.95,"lower_bound":14919415.044871798,"upper_bound":15106651.025641022},"point_estimate":15009310.256410254,"standard_error":47658.329512578486},"median":{"confidence_interval":{"confidence_level":0.95,"lower_bound":14824246.153846154,"upper_bound":15083742.307692308},"point_estimate":14887557.692307692,"standard_error":69348.46425844701},"median_abs_dev":{"confidence_interval":{"confidence_level":0.95,"lower_bound":78600.60783533003,"upper_bound":380942.65862153034},"point_estimate":189641.64355626408,"standard_error":78506.36257226576},"slope":null,"std_dev":{"confidence_interval":{"confidence_level":0.95,"lower_bound":196076.1455918657,"upper_bound":313535.18058640114},"point_estimate":268311.56554687745,"standard_error":30019.08718682444}}