{"mean":{"confidence_interval":{"confidence_level":0.95,"lower_bound":14840403.737179488,"upper_bound":14887276.487179484},"point_estimate":14863316.410256412,"standard_error":11940.373565044638},"median":{"confidence_interval":{"confidence_level":0.95,"lower_bound":14816923.076923076,"upper_bound":14890988.461538462},"point_estimate":14827319.230769232,"standard_error":24602.33901542162},"median_abs_dev":{"confidence_interval":{"confidence_level":0.95,"lower_bound":18903.149664400626,"upper_bound":103787.70046509209},"point_estimate":56390.11976810549,"standard_error":24807.253051857057},"slope":null,"std_dev":{"confidence_interval":{"confidence_level":0.95,"lower_bound":50653.04030830754,"upper_bound":77403.07089077996},"point_estimate":66152.97182610577,"standard_error":6817.069904677425}}