{"mean":{"confidence_interval":{"confidence_level":0.95,"lower_bound":2077907677.5,"upper_bound":2124900727.25},"point_estimate":2095255820.0,"standard_error":13387730.947024679},"median":{"confidence_interval":{"confidence_level":0.95,"lower_bound":2076510892.5,"upper_bound":2100028600.0},"point_estimate":2081261100.0,"standard_error":6080241.138887748},"median_abs_dev":{"confidence_interval":{"confidence_level":0.95,"lower_bound":347224.9138355255,"upper_bound":32382509.40484553},"point_estimate":4585014.54859972,"standard_error":8939121.925736386},"slope":null,"std_dev":{"confidence_interval":{"confidence_level":0.95,"lower_bound":5144757.952723153,"upper_bound":59836669.766405135},"point_estimate":39719671.98641555,"standard_error":15641757.874478295}}