{"mean":{"confidence_interval":{"confidence_level":0.95,"lower_bound":2075601820.0,"upper_bound":2131390447.25},"point_estimate":2098382670.0,"standard_error":15898642.385382714},"median":{"confidence_interval":{"confidence_level":0.95,"lower_bound":2070684266.25,"upper_bound":2103183486.25},"point_estimate":2081738000.0,"standard_error":10259594.912506951},"median_abs_dev":{"confidence_interval":{"confidence_level":0.95,"lower_bound":3773261.41101122,"upper_bound":53930496.96104225},"point_estimate":17728485.705256462,"standard_error":16278472.160794172},"slope":null,"std_dev":{"confidence_interval":{"confidence_level":0.95,"lower_bound":15032913.353564356,"upper_bound":74171073.87073384},"point_estimate":49748027.21408603,"standard_error":17774684.503526676}}