{"mean":{"confidence_interval":{"confidence_level":0.95,"lower_bound":1934953052.0,"upper_bound":1945091894.5},"point_estimate":1939977910.0,"standard_error":2807949.9137043552},"median":{"confidence_interval":{"confidence_level":0.95,"lower_bound":1934495352.5,"upper_bound":1947954650.0},"point_estimate":1937923650.0,"standard_error":3725408.4605649426},"median_abs_dev":{"confidence_interval":{"confidence_level":0.95,"lower_bound":3413089.6929055452,"upper_bound":17578476.239919662},"point_estimate":14871960.335969925,"standard_error":4388155.654809011},"slope":null,"std_dev":{"confidence_interval":{"confidence_level":0.95,"lower_bound":7724646.594673645,"upper_bound":12717867.431072934},"point_estimate":11126429.00679379,"standard_error":1548435.5900805097}}