{"mean":{"confidence_interval":{"confidence_level":0.95,"lower_bound":242197574.47368425,"upper_bound":243295374.06578946},"point_estimate":242735673.68421054,"standard_error":282174.806998489},"median":{"confidence_interval":{"confidence_level":0.95,"lower_bound":241920689.47368422,"upper_bound":243845100.0},"point_estimate":242563028.9473684,"standard_error":434950.0776965335},"median_abs_dev":{"confidence_interval":{"confidence_level":0.95,"lower_bound":213658.26252260286,"upper_bound":1599300.099501475},"point_estimate":1074732.819340702,"standard_error":394183.77395926876},"slope":null,"std_dev":{"confidence_interval":{"confidence_level":0.95,"lower_bound":526025.760855462,"upper_bound":1127544.2009695414},"point_estimate":943181.1023571474,"standard_error":146412.67710726583}}