{"mean":{"confidence_interval":{"confidence_level":0.95,"lower_bound":1612747.3624595474,"upper_bound":1616758.72815534},"point_estimate":1614629.660194175,"standard_error":1028.120404123823},"median":{"confidence_interval":{"confidence_level":0.95,"lower_bound":1611418.6893203883,"upper_bound":1614800.9708737864},"point_estimate":1613160.9223300973,"standard_error":778.9525456427734},"median_abs_dev":{"confidence_interval":{"confidence_level":0.95,"lower_bound":2006.188071179232,"upper_bound":6097.372318934418},"point_estimate":4080.0287625163523,"standard_error":1058.6637777917083},"slope":null,"std_dev":{"confidence_interval":{"confidence_level":0.95,"lower_bound":3470.8483839998935,"upper_bound":7313.507311606563},"point_estimate":5734.704757245168,"standard_error":974.8992729742089}}