{"mean":{"confidence_interval":{"confidence_level":0.95,"lower_bound":11630636.53205128,"upper_bound":11789484.916666664},"point_estimate":11707206.923076924,"standard_error":40378.141116837236},"median":{"confidence_interval":{"confidence_level":0.95,"lower_bound":11546334.615384616,"upper_bound":11834988.46153846},"point_estimate":11569246.153846154,"standard_error":70905.7975419114},"median_abs_dev":{"confidence_interval":{"confidence_level":0.95,"lower_bound":40212.67313223767,"upper_bound":341642.35470386734},"point_estimate":88921.7845751688,"standard_error":79610.38398433517},"slope":null,"std_dev":{"confidence_interval":{"confidence_level":0.95,"lower_bound":170358.2342714341,"upper_bound":260073.01077641125},"point_estimate":224363.86990455323,"standard_error":22744.961358179095}}