{"mean":{"confidence_interval":{"confidence_level":0.95,"lower_bound":3596987997.5,"upper_bound":3613513462.5},"point_estimate":3605329400.0,"standard_error":4239450.1215758035},"median":{"confidence_interval":{"confidence_level":0.95,"lower_bound":3592072037.5,"upper_bound":3618814800.0},"point_estimate":3606434912.5,"standard_error":8839837.100990923},"median_abs_dev":{"confidence_interval":{"confidence_level":0.95,"lower_bound":2394732.5424849987,"upper_bound":22068593.27070415},"point_estimate":19014140.80493152,"standard_error":5441013.299886572},"slope":null,"std_dev":{"confidence_interval":{"confidence_level":0.95,"lower_bound":9661004.050374495,"upper_bound":15905179.845767926},"point_estimate":14088035.90953942,"standard_error":1604504.3591411556}}