{"mean":{"confidence_interval":{"confidence_level":0.95,"lower_bound":3360655987.5,"upper_bound":3372958451.9375},"point_estimate":3366673177.5,"standard_error":3132187.3094503093},"median":{"confidence_interval":{"confidence_level":0.95,"lower_bound":3357890025.0,"upper_bound":3372623225.0},"point_estimate":3367746887.5,"standard_error":3505450.2062734305},"median_abs_dev":{"confidence_interval":{"confidence_level":0.95,"lower_bound":1138591.8384737493,"upper_bound":18419006.642997265},"point_estimate":8826788.670793176,"standard_error":4318725.459087777},"slope":null,"std_dev":{"confidence_interval":{"confidence_level":0.95,"lower_bound":5283988.173540707,"upper_bound":13818728.16417919},"point_estimate":10456990.17351983,"standard_error":2231540.754207278}}