{"mean":{"confidence_interval":{"confidence_level":0.95,"lower_bound":3739616040.4375,"upper_bound":3760927002.5},"point_estimate":3749412760.0,"standard_error":5492513.740257477},"median":{"confidence_interval":{"confidence_level":0.95,"lower_bound":3735433900.0,"upper_bound":3760875775.0},"point_estimate":3744911712.5,"standard_error":6400618.452287536},"median_abs_dev":{"confidence_interval":{"confidence_level":0.95,"lower_bound":3021056.9013655186,"upper_bound":27834109.515845776},"point_estimate":14878928.555846214,"standard_error":6591824.486048686},"slope":null,"std_dev":{"confidence_interval":{"confidence_level":0.95,"lower_bound":7297309.637993505,"upper_bound":24123408.848357372},"point_estimate":18274210.8212723,"standard_error":4451066.756515272}}