{"mean":{"confidence_interval":{"confidence_level":0.95,"lower_bound":216525281.65476188,"upper_bound":217206652.38095236},"point_estimate":216857733.80952376,"standard_error":173742.07220441828},"median":{"confidence_interval":{"confidence_level":0.95,"lower_bound":216474114.28571427,"upper_bound":217247973.80952382},"point_estimate":216746311.9047619,"standard_error":188104.20597388304},"median_abs_dev":{"confidence_interval":{"confidence_level":0.95,"lower_bound":87420.44844799573,"upper_bound":972836.2127287226},"point_estimate":452623.65196434804,"standard_error":255309.05997920837},"slope":null,"std_dev":{"confidence_interval":{"confidence_level":0.95,"lower_bound":290075.74841035105,"upper_bound":748822.8198050779},"point_estimate":579975.6173641856,"standard_error":115600.00040674095}}