{"mean":{"confidence_interval":{"confidence_level":0.95,"lower_bound":255946771.1111111,"upper_bound":259159175.19444445},"point_estimate":257457822.77777782,"standard_error":822282.4561286191},"median":{"confidence_interval":{"confidence_level":0.95,"lower_bound":255844888.8888889,"upper_bound":258969719.44444445},"point_estimate":256875222.2222222,"standard_error":863424.8159261893},"median_abs_dev":{"confidence_interval":{"confidence_level":0.95,"lower_bound":377214.6166364327,"upper_bound":4503504.496713482},"point_estimate":1672533.3853065893,"standard_error":1034378.4024820698},"slope":null,"std_dev":{"confidence_interval":{"confidence_level":0.95,"lower_bound":1162940.8653662757,"upper_bound":3702811.994608611},"point_estimate":2731276.81858298,"standard_error":678901.2210151128}}