{"mean":{"confidence_interval":{"confidence_level":0.95,"lower_bound":251764845.93055555,"upper_bound":252396801.1111111},"point_estimate":252073402.22222224,"standard_error":162531.25846383485},"median":{"confidence_interval":{"confidence_level":0.95,"lower_bound":251560416.66666666,"upper_bound":252536500.0},"point_estimate":252041808.3333333,"standard_error":270613.81729281915},"median_abs_dev":{"confidence_interval":{"confidence_level":0.95,"lower_bound":77964.16694922704,"upper_bound":906489.2167399086},"point_estimate":634915.2020613181,"standard_error":218620.0854737473},"slope":null,"std_dev":{"confidence_interval":{"confidence_level":0.95,"lower_bound":322872.2916941467,"upper_bound":659161.846167175},"point_estimate":539619.1006700526,"standard_error":87184.98059335482}}