{"mean":{"confidence_interval":{"confidence_level":0.95,"lower_bound":1822050.9790528233,"upper_bound":1830216.6766848816},"point_estimate":1826158.9799635708,"standard_error":2096.279574453208},"median":{"confidence_interval":{"confidence_level":0.95,"lower_bound":1818198.3606557376,"upper_bound":1835249.7267759563},"point_estimate":1827470.4918032787,"standard_error":5458.253610878482},"median_abs_dev":{"confidence_interval":{"confidence_level":0.95,"lower_bound":6163.322021726615,"upper_bound":18631.744751187307},"point_estimate":14980.335963554033,"standard_error":3252.7575631967934},"slope":null,"std_dev":{"confidence_interval":{"confidence_level":0.95,"lower_bound":9724.74985626871,"upper_bound":13130.52914524536},"point_estimate":11703.689586955594,"standard_error":867.0715511593271}}