{"mean":{"confidence_interval":{"confidence_level":0.95,"lower_bound":1306845.291836735,"upper_bound":1328855.7397959186},"point_estimate":1317016.367346939,"standard_error":6288.978020161782},"median":{"confidence_interval":{"confidence_level":0.95,"lower_bound":1302439.1836734693,"upper_bound":1312799.4642857143},"point_estimate":1306646.9387755103,"standard_error":3529.549793598195},"median_abs_dev":{"confidence_interval":{"confidence_level":0.95,"lower_bound":2486.267205859889,"upper_bound":23735.48004289668},"point_estimate":16240.521140244478,"standard_error":6913.80715931695},"slope":null,"std_dev":{"confidence_interval":{"confidence_level":0.95,"lower_bound":16630.329195445585,"upper_bound":41158.236733424426},"point_estimate":33392.73864782038,"standard_error":7675.7594564731535}}