{"mean":{"confidence_interval":{"confidence_level":0.95,"lower_bound":1305279.6484210526,"upper_bound":1329015.2157894736},"point_estimate":1317601.7263157896,"standard_error":6237.582336805849},"median":{"confidence_interval":{"confidence_level":0.95,"lower_bound":1301691.8947368423,"upper_bound":1314332.6315789474},"point_estimate":1311207.3684210526,"standard_error":2904.130878061051},"median_abs_dev":{"confidence_interval":{"confidence_level":0.95,"lower_bound":6135.07672265968,"upper_bound":18203.635587347144},"point_estimate":14682.42163407177,"standard_error":3585.397082334402},"slope":null,"std_dev":{"confidence_interval":{"confidence_level":0.95,"lower_bound":14449.923026585768,"upper_bound":40214.74370840923},"point_estimate":29165.672306300177,"standard_error":7338.025849456443}}