{"mean":{"confidence_interval":{"confidence_level":0.95,"lower_bound":1223078.93697479,"upper_bound":1232390.4865546222},"point_estimate":1226903.0924369749,"standard_error":2755.290759850916},"median":{"confidence_interval":{"confidence_level":0.95,"lower_bound":1220550.168067227,"upper_bound":1230143.9915966387},"point_estimate":1226061.344537815,"standard_error":2962.6674776225755},"median_abs_dev":{"confidence_interval":{"confidence_level":0.95,"lower_bound":4666.950623027435,"upper_bound":22437.56210165353},"point_estimate":11955.48684657101,"standard_error":4718.845955780683},"slope":null,"std_dev":{"confidence_interval":{"confidence_level":0.95,"lower_bound":11188.365665587075,"upper_bound":18748.323087304365},"point_estimate":14478.412861720068,"standard_error":1976.556594527038}}