{"mean":{"confidence_interval":{"confidence_level":0.95,"lower_bound":13770129.542682925,"upper_bound":13877647.536585364},"point_estimate":13820087.560975607,"standard_error":32511.106001365515},"median":{"confidence_interval":{"confidence_level":0.95,"lower_bound":13776732.926829267,"upper_bound":13877883.048780488},"point_estimate":13865371.951219512,"standard_error":37679.0091569005},"median_abs_dev":{"confidence_interval":{"confidence_level":0.95,"lower_bound":6424.087605462931,"upper_bound":160275.02371552616},"point_estimate":45423.608705765975,"standard_error":49855.831601908976},"slope":null,"std_dev":{"confidence_interval":{"confidence_level":0.95,"lower_bound":60083.93874191043,"upper_bound":119116.00251514213},"point_estimate":105257.52385229613,"standard_error":17293.297703282162}}