{"mean":{"confidence_interval":{"confidence_level":0.95,"lower_bound":14981877.453947369,"upper_bound":15073737.855263159},"point_estimate":15016024.736842105,"standard_error":29248.420046508276},"median":{"confidence_interval":{"confidence_level":0.95,"lower_bound":14938925.0,"upper_bound":15038868.519736843},"point_estimate":14957847.368421052,"standard_error":30930.47070983394},"median_abs_dev":{"confidence_interval":{"confidence_level":0.95,"lower_bound":17217.22866143859,"upper_bound":134359.0132133355},"point_estimate":31200.926288176568,"standard_error":33295.19511515941},"slope":null,"std_dev":{"confidence_interval":{"confidence_level":0.95,"lower_bound":76115.21447475386,"upper_bound":170909.71921308807},"point_estimate":125740.38124946972,"standard_error":29361.90686334224}}