{"mean":{"confidence_interval":{"confidence_level":0.95,"lower_bound":15126610.138157895,"upper_bound":15176653.118421052},"point_estimate":15154367.368421054,"standard_error":13625.508729967545},"median":{"confidence_interval":{"confidence_level":0.95,"lower_bound":15125148.22368421,"upper_bound":15198998.618421052},"point_estimate":15145344.736842105,"standard_error":19330.455039703083},"median_abs_dev":{"confidence_interval":{"confidence_level":0.95,"lower_bound":4856.782926931923,"upper_bound":93255.63588385619},"point_estimate":65681.12962340127,"standard_error":24126.275522395663},"slope":null,"std_dev":{"confidence_interval":{"confidence_level":0.95,"lower_bound":35235.92799955352,"upper_bound":67233.93493543036},"point_estimate":55187.10599871504,"standard_error":9602.288656493767}}