{"mean":{"confidence_interval":{"confidence_level":0.95,"lower_bound":10792057.977564104,"upper_bound":10894903.583333332},"point_estimate":10853278.46153846,"standard_error":28416.8385194701},"median":{"confidence_interval":{"confidence_level":0.95,"lower_bound":10754188.461538462,"upper_bound":10910983.701923076},"point_estimate":10900160.256410256,"standard_error":58356.63253896728},"median_abs_dev":{"confidence_interval":{"confidence_level":0.95,"lower_bound":3636.6941854354413,"upper_bound":100978.33983227565},"point_estimate":29939.01562232273,"standard_error":30711.592491347274},"slope":null,"std_dev":{"confidence_interval":{"confidence_level":0.95,"lower_bound":49443.67432292116,"upper_bound":85746.44128825095},"point_estimate":75753.3616506445,"standard_error":9587.866221967846}}