{"mean":{"confidence_interval":{"confidence_level":0.95,"lower_bound":9699721.307471264,"upper_bound":9755330.247126436},"point_estimate":9728743.44827586,"standard_error":16729.376186419828},"median":{"confidence_interval":{"confidence_level":0.95,"lower_bound":9717181.609195402,"upper_bound":9757188.67816092},"point_estimate":9742739.08045977,"standard_error":10716.675444012297},"median_abs_dev":{"confidence_interval":{"confidence_level":0.95,"lower_bound":8967.79138389292,"upper_bound":47459.66539018083},"point_estimate":26238.61125830973,"standard_error":12722.06048452208},"slope":null,"std_dev":{"confidence_interval":{"confidence_level":0.95,"lower_bound":17493.860648808743,"upper_bound":69943.8603564217},"point_estimate":51491.78306314746,"standard_error":16619.90116699301}}