{"mean":{"confidence_interval":{"confidence_level":0.95,"lower_bound":9283262.199438203,"upper_bound":9364419.719101124},"point_estimate":9324537.303370785,"standard_error":21038.580716615877},"median":{"confidence_interval":{"confidence_level":0.95,"lower_bound":9253811.235955056,"upper_bound":9339548.160112359},"point_estimate":9321557.86516854,"standard_error":21201.956096039263},"median_abs_dev":{"confidence_interval":{"confidence_level":0.95,"lower_bound":14815.02599821685,"upper_bound":107990.12496481407},"point_estimate":27893.702538496334,"standard_error":31090.151374721863},"slope":null,"std_dev":{"confidence_interval":{"confidence_level":0.95,"lower_bound":28404.606651215472,"upper_bound":97741.51714269943},"point_estimate":69929.40049766944,"standard_error":19883.17491447145}}