{"mean":{"confidence_interval":{"confidence_level":0.95,"lower_bound":205617756.0,"upper_bound":211231388.5},"point_estimate":208465466.66666666,"standard_error":1438982.4117868575},"median":{"confidence_interval":{"confidence_level":0.95,"lower_bound":203120950.0,"upper_bound":212475150.0},"point_estimate":211130500.0,"standard_error":3302987.0879118047},"median_abs_dev":{"confidence_interval":{"confidence_level":0.95,"lower_bound":58933.348953746,"upper_bound":6933774.136900909},"point_estimate":2732678.8514852375,"standard_error":2123631.54174009},"slope":null,"std_dev":{"confidence_interval":{"confidence_level":0.95,"lower_bound":2971509.235612998,"upper_bound":5134455.095909744},"point_estimate":4789191.376293643,"standard_error":557387.6350058694}}