{"mean":{"confidence_interval":{"confidence_level":0.95,"lower_bound":2316528740.5,"upper_bound":2338945684.0},"point_estimate":2327506680.0,"standard_error":6636955.946552648},"median":{"confidence_interval":{"confidence_level":0.95,"lower_bound":2310795910.0,"upper_bound":2337736827.5},"point_estimate":2330938600.0,"standard_error":8728517.008020254},"median_abs_dev":{"confidence_interval":{"confidence_level":0.95,"lower_bound":2189379.4733807463,"upper_bound":26851034.538298845},"point_estimate":22952204.32251692,"standard_error":7650192.875567788},"slope":null,"std_dev":{"confidence_interval":{"confidence_level":0.95,"lower_bound":11570997.528196922,"upper_bound":20564065.466897868},"point_estimate":18537261.1896388,"standard_error":2614508.9141902733}}