{"mean":{"confidence_interval":{"confidence_level":0.95,"lower_bound":2174363202.25,"upper_bound":2185388700.75},"point_estimate":2179620180.0,"standard_error":2932831.9786480004},"median":{"confidence_interval":{"confidence_level":0.95,"lower_bound":2167881600.0,"upper_bound":2187431537.5},"point_estimate":2186314350.0,"standard_error":5964430.522108332},"median_abs_dev":{"confidence_interval":{"confidence_level":0.95,"lower_bound":942257.1470215921,"upper_bound":15204985.648557542},"point_estimate":3198561.1832141876,"standard_error":4261130.158154411},"slope":null,"std_dev":{"confidence_interval":{"confidence_level":0.95,"lower_bound":5943183.581294457,"upper_bound":10770194.691454766},"point_estimate":10078439.212475093,"standard_error":1305042.8860164841}}