{"mean":{"confidence_interval":{"confidence_level":0.95,"lower_bound":2322488155.0,"upper_bound":2363076854.5},"point_estimate":2342569170.0,"standard_error":10200681.451981775},"median":{"confidence_interval":{"confidence_level":0.95,"lower_bound":2316003295.0,"upper_bound":2345240172.5},"point_estimate":2334953450.0,"standard_error":7938480.741014784},"median_abs_dev":{"confidence_interval":{"confidence_level":0.95,"lower_bound":2461647.839047015,"upper_bound":45094549.52891171},"point_estimate":25212946.892380714,"standard_error":13758833.171928978},"slope":null,"std_dev":{"confidence_interval":{"confidence_level":0.95,"lower_bound":14990769.140468411,"upper_bound":58738770.787327774},"point_estimate":41158365.802809626,"standard_error":12049939.208151748}}