{"mean":{"confidence_interval":{"confidence_level":0.95,"lower_bound":1613277.7483818769,"upper_bound":1617926.6666666667},"point_estimate":1615540.242718447,"standard_error":1180.3441796588002},"median":{"confidence_interval":{"confidence_level":0.95,"lower_bound":1610482.0388349514,"upper_bound":1616280.0970873786},"point_estimate":1614034.9514563107,"standard_error":1785.1549508099567},"median_abs_dev":{"confidence_interval":{"confidence_level":0.95,"lower_bound":2978.514558771186,"upper_bound":10274.201904975327},"point_estimate":7066.100262901081,"standard_error":2003.4753929403878},"slope":null,"std_dev":{"confidence_interval":{"confidence_level":0.95,"lower_bound":5097.103376254937,"upper_bound":7518.128134593766},"point_estimate":6558.228018815982,"standard_error":616.1520117329462}}