{"mean":{"confidence_interval":{"confidence_level":0.95,"lower_bound":1734532.364421416,"upper_bound":1739888.1347150258},"point_estimate":1737055.6822107076,"standard_error":1366.7386284517097},"median":{"confidence_interval":{"confidence_level":0.95,"lower_bound":1732479.792746114,"upper_bound":1738794.041450777},"point_estimate":1735030.8290155442,"standard_error":1463.9070328330372},"median_abs_dev":{"confidence_interval":{"confidence_level":0.95,"lower_bound":3535.5784346401847,"upper_bound":10093.586711994429},"point_estimate":5852.428963455885,"standard_error":1601.286233495481},"slope":null,"std_dev":{"confidence_interval":{"confidence_level":0.95,"lower_bound":5027.652707258798,"upper_bound":9749.643534904677},"point_estimate":7619.763431915492,"standard_error":1219.226690750517}}