{"mean":{"confidence_interval":{"confidence_level":0.95,"lower_bound":1764387.1014492756,"upper_bound":1783677.7355072463},"point_estimate":1774036.9021739129,"standard_error":4925.906413898253},"median":{"confidence_interval":{"confidence_level":0.95,"lower_bound":1756864.402173913,"upper_bound":1784925.0},"point_estimate":1782772.8260869565,"standard_error":6901.9987062401615},"median_abs_dev":{"confidence_interval":{"confidence_level":0.95,"lower_bound":8617.612347006798,"upper_bound":49626.00531461415},"point_estimate":24054.781692507393,"standard_error":9723.355400214097},"slope":null,"std_dev":{"confidence_interval":{"confidence_level":0.95,"lower_bound":21720.802692627043,"upper_bound":32117.69472520082},"point_estimate":27397.3177942787,"standard_error":2657.1387045534134}}