{"mean":{"confidence_interval":{"confidence_level":0.95,"lower_bound":4357227790.000001,"upper_bound":4375748566.666666},"point_estimate":4366627779.999999,"standard_error":4762744.317050931},"median":{"confidence_interval":{"confidence_level":0.95,"lower_bound":4351055200.0,"upper_bound":4381270933.333333},"point_estimate":4368773266.666666,"standard_error":10661455.394384995},"median_abs_dev":{"confidence_interval":{"confidence_level":0.95,"lower_bound":1330015.7263877364,"upper_bound":21971044.369936462},"point_estimate":18894377.614558686,"standard_error":6909306.514322546},"slope":null,"std_dev":{"confidence_interval":{"confidence_level":0.95,"lower_bound":10792810.512123756,"upper_bound":17476006.914103076},"point_estimate":15826582.15047483,"standard_error":1709097.283643965}}