{"mean":{"confidence_interval":{"confidence_level":0.95,"lower_bound":7899874640.5,"upper_bound":7978095455.5},"point_estimate":7933201150.0,"standard_error":21802620.16530055},"median":{"confidence_interval":{"confidence_level":0.95,"lower_bound":7895588700.0,"upper_bound":7981485261.25},"point_estimate":7921611600.0,"standard_error":29494947.29330971},"median_abs_dev":{"confidence_interval":{"confidence_level":0.95,"lower_bound":11001188.324689865,"upper_bound":110711142.25823429},"point_estimate":81455747.5438714,"standard_error":28563603.014570646},"slope":null,"std_dev":{"confidence_interval":{"confidence_level":0.95,"lower_bound":39891739.56748858,"upper_bound":88240177.52297698},"point_estimate":73068357.6362763,"standard_error":15203741.584021598}}