{"mean":{"confidence_interval":{"confidence_level":0.95,"lower_bound":7854097022.25,"upper_bound":7892471140.25},"point_estimate":7873200530.0,"standard_error":11917907.31507199},"median":{"confidence_interval":{"confidence_level":0.95,"lower_bound":7857081796.25,"upper_bound":7902632500.0},"point_estimate":7877285150.0,"standard_error":15094061.836525049},"median_abs_dev":{"confidence_interval":{"confidence_level":0.95,"lower_bound":18444284.972548485,"upper_bound":59379446.606554076},"point_estimate":30977221.460044384,"standard_error":12493439.699241275},"slope":null,"std_dev":{"confidence_interval":{"confidence_level":0.95,"lower_bound":22189555.718352877,"upper_bound":50772459.07911862},"point_estimate":37219617.097142324,"standard_error":7731419.331672216}}