{"mean":{"confidence_interval":{"confidence_level":0.95,"lower_bound":7767785928.75,"upper_bound":7807384529.5},"point_estimate":7785773720.0,"standard_error":11804129.621231774},"median":{"confidence_interval":{"confidence_level":0.95,"lower_bound":7767954423.75,"upper_bound":7827271971.25},"point_estimate":7783521800.0,"standard_error":19838704.531652436},"median_abs_dev":{"confidence_interval":{"confidence_level":0.95,"lower_bound":6433711.080528798,"upper_bound":61336081.97631687},"point_estimate":58761219.09677982,"standard_error":16835894.115419447},"slope":null,"std_dev":{"confidence_interval":{"confidence_level":0.95,"lower_bound":26733429.80751346,"upper_bound":65334042.67457063},"point_estimate":49590738.29066158,"standard_error":10583307.809234496}}