{"mean":{"confidence_interval":{"confidence_level":0.95,"lower_bound":290021232.75,"upper_bound":290808413.3333334},"point_estimate":290407716.6666667,"standard_error":201355.5099575623},"median":{"confidence_interval":{"confidence_level":0.95,"lower_bound":289940566.6666667,"upper_bound":291038350.0},"point_estimate":290283408.3333333,"standard_error":258143.07962227467},"median_abs_dev":{"confidence_interval":{"confidence_level":0.95,"lower_bound":87646.36844399536,"upper_bound":1223021.4282870588},"point_estimate":518885.28078791534,"standard_error":291213.1532403769},"slope":null,"std_dev":{"confidence_interval":{"confidence_level":0.95,"lower_bound":366500.9814777575,"upper_bound":851152.4691083818},"point_estimate":669790.0383656321,"standard_error":123103.01087503193}}