{"mean":{"confidence_interval":{"confidence_level":0.95,"lower_bound":1201939.8580917877,"upper_bound":1227306.7632850246},"point_estimate":1213937.9710144927,"standard_error":6470.191784555303},"median":{"confidence_interval":{"confidence_level":0.95,"lower_bound":1193478.9855072463,"upper_bound":1225129.7101449275},"point_estimate":1204005.072463768,"standard_error":8838.54872820296},"median_abs_dev":{"confidence_interval":{"confidence_level":0.95,"lower_bound":16121.663192044149,"upper_bound":46819.540255743465},"point_estimate":32461.9561628154,"standard_error":8022.626343560082},"slope":null,"std_dev":{"confidence_interval":{"confidence_level":0.95,"lower_bound":23907.804167594124,"upper_bound":45520.59448612639},"point_estimate":36051.627592277095,"standard_error":5561.391976885209}}