{"mean":{"confidence_interval":{"confidence_level":0.95,"lower_bound":750987.0944741534,"upper_bound":760303.3810160427},"point_estimate":755448.5739750447,"standard_error":2383.3515921164194},"median":{"confidence_interval":{"confidence_level":0.95,"lower_bound":744843.8502673798,"upper_bound":758795.9893048129},"point_estimate":755591.7112299465,"standard_error":3385.978040872319},"median_abs_dev":{"confidence_interval":{"confidence_level":0.95,"lower_bound":6282.418284186665,"upper_bound":20515.774448606368},"point_estimate":17152.571727566406,"standard_error":4006.313428194094},"slope":null,"std_dev":{"confidence_interval":{"confidence_level":0.95,"lower_bound":9582.494072821735,"upper_bound":15930.649195743887},"point_estimate":13249.425473266792,"standard_error":1620.7976915865322}}