{"mean":{"confidence_interval":{"confidence_level":0.95,"lower_bound":1282156.447990544,"upper_bound":1299097.026595745},"point_estimate":1290470.1418439718,"standard_error":4310.687409770398},"median":{"confidence_interval":{"confidence_level":0.95,"lower_bound":1275664.1843971633,"upper_bound":1302182.9787234045},"point_estimate":1290156.0283687944,"standard_error":6807.803889209099},"median_abs_dev":{"confidence_interval":{"confidence_level":0.95,"lower_bound":15767.08269880182,"upper_bound":34676.01555459052},"point_estimate":26292.49102257675,"standard_error":4905.275388546679},"slope":null,"std_dev":{"confidence_interval":{"confidence_level":0.95,"lower_bound":18286.993480833116,"upper_bound":28386.834467949637},"point_estimate":23916.703127042165,"standard_error":2579.172403290393}}