{"mean":{"confidence_interval":{"confidence_level":0.95,"lower_bound":626491.6410256412,"upper_bound":637717.3824786326},"point_estimate":631777.0940170941,"standard_error":2872.6888871142787},"median":{"confidence_interval":{"confidence_level":0.95,"lower_bound":621335.3846153845,"upper_bound":635931.5384615385},"point_estimate":627297.1794871795,"standard_error":3508.993343713933},"median_abs_dev":{"confidence_interval":{"confidence_level":0.95,"lower_bound":6967.459568610483,"upper_bound":18994.00643201985},"point_estimate":14071.394365567492,"standard_error":2962.5194631132317},"slope":null,"std_dev":{"confidence_interval":{"confidence_level":0.95,"lower_bound":9705.52680488884,"upper_bound":20695.06020827819},"point_estimate":15964.822849064878,"standard_error":2818.4154711100546}}