{"mean":{"confidence_interval":{"confidence_level":0.95,"lower_bound":8877153.036585366,"upper_bound":8971363.168699186},"point_estimate":8918266.50406504,"standard_error":28038.28838835235},"median":{"confidence_interval":{"confidence_level":0.95,"lower_bound":8873423.170731708,"upper_bound":8950164.329268292},"point_estimate":8898014.227642275,"standard_error":23363.326000184676},"median_abs_dev":{"confidence_interval":{"confidence_level":0.95,"lower_bound":5507.979438800047,"upper_bound":113076.34808395556},"point_estimate":42386.68949138795,"standard_error":25633.674056507985},"slope":null,"std_dev":{"confidence_interval":{"confidence_level":0.95,"lower_bound":23494.09754693067,"upper_bound":119650.48668309464},"point_estimate":88052.01444229922,"standard_error":33524.28340202839}}