{"mean":{"confidence_interval":{"confidence_level":0.95,"lower_bound":9123765.372950818,"upper_bound":9158169.512295084},"point_estimate":9144550.819672132,"standard_error":10055.183817390305},"median":{"confidence_interval":{"confidence_level":0.95,"lower_bound":9114774.590163935,"upper_bound":9154324.590163935},"point_estimate":9140354.098360656,"standard_error":12154.908710926715},"median_abs_dev":{"confidence_interval":{"confidence_level":0.95,"lower_bound":19341.95976112049,"upper_bound":55253.31099856528},"point_estimate":51111.418846689536,"standard_error":11090.055970577921},"slope":null,"std_dev":{"confidence_interval":{"confidence_level":0.95,"lower_bound":21202.668409099206,"upper_bound":43369.06326373108},"point_estimate":38484.84203591478,"standard_error":6473.576485415749}}