{"mean":{"confidence_interval":{"confidence_level":0.95,"lower_bound":11755740.024456523,"upper_bound":11981095.766304348},"point_estimate":11880209.347826086,"standard_error":60922.18262637693},"median":{"confidence_interval":{"confidence_level":0.95,"lower_bound":11744973.559782607,"upper_bound":11994545.652173914},"point_estimate":11858404.347826086,"standard_error":81677.3801097891},"median_abs_dev":{"confidence_interval":{"confidence_level":0.95,"lower_bound":25844.98087268259,"upper_bound":271179.6215986439},"point_estimate":173601.17626579024,"standard_error":66226.13372372395},"slope":null,"std_dev":{"confidence_interval":{"confidence_level":0.95,"lower_bound":79173.09651581977,"upper_bound":189189.39970236522},"point_estimate":158507.83098647508,"standard_error":35079.35253898693}}