{"mean":{"confidence_interval":{"confidence_level":0.95,"lower_bound":8393237940.5,"upper_bound":8451157720.25},"point_estimate":8418248110.0,"standard_error":17265271.972596537},"median":{"confidence_interval":{"confidence_level":0.95,"lower_bound":8390170700.0,"upper_bound":8459743255.0},"point_estimate":8413784400.0,"standard_error":22541771.41415574},"median_abs_dev":{"confidence_interval":{"confidence_level":0.95,"lower_bound":20653136.54333353,"upper_bound":73203340.3418809},"point_estimate":50128854.88003492,"standard_error":17025837.898615718},"slope":null,"std_dev":{"confidence_interval":{"confidence_level":0.95,"lower_bound":29920768.213644348,"upper_bound":57858286.195807636},"point_estimate":50015470.08353071,"standard_error":7050451.18877544}}