{"mean":{"confidence_interval":{"confidence_level":0.95,"lower_bound":8254533720.0,"upper_bound":8305767338.75},"point_estimate":8283190720.0,"standard_error":14564334.733433647},"median":{"confidence_interval":{"confidence_level":0.95,"lower_bound":8243721791.25,"upper_bound":8323961060.0},"point_estimate":8292689050.0,"standard_error":22241959.303941883},"median_abs_dev":{"confidence_interval":{"confidence_level":0.95,"lower_bound":23532212.25821972,"upper_bound":98051030.19824623},"point_estimate":55915813.227295876,"standard_error":19893193.347519413},"slope":null,"std_dev":{"confidence_interval":{"confidence_level":0.95,"lower_bound":35652918.3251675,"upper_bound":63944280.65692237},"point_estimate":54470880.39816014,"standard_error":8438270.738529487}}