{"mean":{"confidence_interval":{"confidence_level":0.95,"lower_bound":8342522943.25,"upper_bound":8427831740.5},"point_estimate":8381353450.0,"standard_error":25896499.700694792},"median":{"confidence_interval":{"confidence_level":0.95,"lower_bound":8327575695.0,"upper_bound":8419838651.25},"point_estimate":8363583300.0,"standard_error":27389199.71101412},"median_abs_dev":{"confidence_interval":{"confidence_level":0.95,"lower_bound":19906819.8088333,"upper_bound":93020058.84381382},"point_estimate":62955642.68231392,"standard_error":21865190.162945174},"slope":null,"std_dev":{"confidence_interval":{"confidence_level":0.95,"lower_bound":34782746.037549905,"upper_bound":86181428.51627079},"point_estimate":71707742.66292076,"standard_error":17653575.368121143}}