{"mean":{"confidence_interval":{"confidence_level":0.95,"lower_bound":7347901707.25,"upper_bound":7380015201.5},"point_estimate":7366476980.0,"standard_error":8750136.489045218},"median":{"confidence_interval":{"confidence_level":0.95,"lower_bound":7339248308.75,"upper_bound":7382911500.0},"point_estimate":7373185150.0,"standard_error":11768448.33263878},"median_abs_dev":{"confidence_interval":{"confidence_level":0.95,"lower_bound":7151198.658540845,"upper_bound":42084087.65760808},"point_estimate":22153675.97669363,"standard_error":10276777.411463108},"slope":null,"std_dev":{"confidence_interval":{"confidence_level":0.95,"lower_bound":13824255.970378324,"upper_bound":32241155.271029525},"point_estimate":24678827.73475632,"standard_error":5209218.398650092}}