{"mean":{"confidence_interval":{"confidence_level":0.95,"lower_bound":7548884783.0,"upper_bound":7597961387.25},"point_estimate":7569547600.0,"standard_error":13664763.263987528},"median":{"confidence_interval":{"confidence_level":0.95,"lower_bound":7542731332.5,"upper_bound":7599099622.5},"point_estimate":7582614000.0,"standard_error":16474775.778707571},"median_abs_dev":{"confidence_interval":{"confidence_level":0.95,"lower_bound":10937573.666319253,"upper_bound":91992011.0493153},"point_estimate":58148460.52765846,"standard_error":21926151.57928903},"slope":null,"std_dev":{"confidence_interval":{"confidence_level":0.95,"lower_bound":30135298.990110856,"upper_bound":71656779.5155507},"point_estimate":60327579.49790092,"standard_error":11267352.646451691}}