{"mean":{"confidence_interval":{"confidence_level":0.95,"lower_bound":7585014136.25,"upper_bound":7642657472.75},"point_estimate":7617708840.0,"standard_error":17641556.06503154},"median":{"confidence_interval":{"confidence_level":0.95,"lower_bound":7549429580.0,"upper_bound":7661683091.25},"point_estimate":7625833650.0,"standard_error":38746958.02745733},"median_abs_dev":{"confidence_interval":{"confidence_level":0.95,"lower_bound":5232736.531600358,"upper_bound":105254559.07610804},"point_estimate":70330465.60138464,"standard_error":30744407.024710335},"slope":null,"std_dev":{"confidence_interval":{"confidence_level":0.95,"lower_bound":46164714.147496484,"upper_bound":67290600.11472031},"point_estimate":59410167.2990818,"standard_error":6127510.773625182}}