{"mean":{"confidence_interval":{"confidence_level":0.95,"lower_bound":20151482.42647059,"upper_bound":20254206.906862743},"point_estimate":20201864.705882356,"standard_error":26148.7429427738},"median":{"confidence_interval":{"confidence_level":0.95,"lower_bound":20092679.411764707,"upper_bound":20262550.0},"point_estimate":20151926.470588237,"standard_error":49852.87140196741},"median_abs_dev":{"confidence_interval":{"confidence_level":0.95,"lower_bound":38708.94107748383,"upper_bound":215308.40088339153},"point_estimate":117984.43378771003,"standard_error":50969.76889555589},"slope":null,"std_dev":{"confidence_interval":{"confidence_level":0.95,"lower_bound":114511.53949729484,"upper_bound":169453.69233704888},"point_estimate":146421.06762439213,"standard_error":13960.824185280182}}