{"mean":{"confidence_interval":{"confidence_level":0.95,"lower_bound":21873993.729166668,"upper_bound":22001442.958333332},"point_estimate":21935468.75,"standard_error":32526.16525087095},"median":{"confidence_interval":{"confidence_level":0.95,"lower_bound":21798553.125,"upper_bound":21995312.5},"point_estimate":21886690.625,"standard_error":42694.29692458441},"median_abs_dev":{"confidence_interval":{"confidence_level":0.95,"lower_bound":92588.36835622787,"upper_bound":262549.9228388071},"point_estimate":178477.23808139563,"standard_error":42603.17240307769},"slope":null,"std_dev":{"confidence_interval":{"confidence_level":0.95,"lower_bound":132542.75964249857,"upper_bound":217107.66242609706},"point_estimate":181062.04816460115,"standard_error":21704.13838797007}}