{"mean":{"confidence_interval":{"confidence_level":0.95,"lower_bound":703242.4298245612,"upper_bound":710996.5886939571},"point_estimate":706884.6198830412,"standard_error":1994.129593840325},"median":{"confidence_interval":{"confidence_level":0.95,"lower_bound":699857.8947368421,"upper_bound":708231.5789473684},"point_estimate":703990.9356725146,"standard_error":2029.7277625055544},"median_abs_dev":{"confidence_interval":{"confidence_level":0.95,"lower_bound":4461.672201491209,"upper_bound":13334.296079058398},"point_estimate":10128.498767551631,"standard_error":2246.0452368631145},"slope":null,"std_dev":{"confidence_interval":{"confidence_level":0.95,"lower_bound":7097.236074598345,"upper_bound":14122.848390859412},"point_estimate":11122.524853932966,"standard_error":1803.6125631389614}}