{"mean":{"confidence_interval":{"confidence_level":0.95,"lower_bound":4161123573.3333335,"upper_bound":4183337976.666667},"point_estimate":4172994683.3333335,"standard_error":5684777.087405171},"median":{"confidence_interval":{"confidence_level":0.95,"lower_bound":4151997766.6666665,"upper_bound":4187656400.0},"point_estimate":4181439283.333333,"standard_error":8522401.45127801},"median_abs_dev":{"confidence_interval":{"confidence_level":0.95,"lower_bound":1888486.4264731351,"upper_bound":31387605.132758617},"point_estimate":9881380.56457078,"standard_error":7263806.775953477},"slope":null,"std_dev":{"confidence_interval":{"confidence_level":0.95,"lower_bound":4671923.742191412,"upper_bound":22075732.71469185},"point_estimate":18958979.132862333,"standard_error":3591231.994248233}}