{"mean":{"confidence_interval":{"confidence_level":0.95,"lower_bound":448462730.0,"upper_bound":451308280.0},"point_estimate":449931865.0,"standard_error":727202.4803953796},"median":{"confidence_interval":{"confidence_level":0.95,"lower_bound":448592675.0,"upper_bound":452331200.0},"point_estimate":449855375.0,"standard_error":828231.1702870443},"median_abs_dev":{"confidence_interval":{"confidence_level":0.95,"lower_bound":312161.4244580269,"upper_bound":4396872.611939907},"point_estimate":2433168.946802616,"standard_error":1177766.9316606428},"slope":null,"std_dev":{"confidence_interval":{"confidence_level":0.95,"lower_bound":1331678.7288252206,"upper_bound":3145221.4442128926},"point_estimate":2418488.7132543926,"standard_error":494306.53812724736}}