{"mean":{"confidence_interval":{"confidence_level":0.95,"lower_bound":9022829023.25,"upper_bound":9069084445.0},"point_estimate":9045763740.0,"standard_error":11921719.666664252},"median":{"confidence_interval":{"confidence_level":0.95,"lower_bound":9009117525.0,"upper_bound":9082952400.0},"point_estimate":9041722725.0,"standard_error":23479840.771347206},"median_abs_dev":{"confidence_interval":{"confidence_level":0.95,"lower_bound":8018382.502645254,"upper_bound":63609246.880710125},"point_estimate":50248574.82790947,"standard_error":15178273.398066644},"slope":null,"std_dev":{"confidence_interval":{"confidence_level":0.95,"lower_bound":26261351.52852366,"upper_bound":45884711.0260539},"point_estimate":39672258.963326275,"standard_error":4994068.570899816}}