{"mean":{"confidence_interval":{"confidence_level":0.95,"lower_bound":8523563790.0,"upper_bound":8568245030.0},"point_estimate":8545393550.0,"standard_error":11517417.364380572},"median":{"confidence_interval":{"confidence_level":0.95,"lower_bound":8507983800.0,"upper_bound":8582249800.0},"point_estimate":8535585250.0,"standard_error":18373902.903395038},"median_abs_dev":{"confidence_interval":{"confidence_level":0.95,"lower_bound":5698669.518828392,"upper_bound":65183768.05275679},"point_estimate":44520327.43960619,"standard_error":15282460.920102425},"slope":null,"std_dev":{"confidence_interval":{"confidence_level":0.95,"lower_bound":22959119.794248793,"upper_bound":45501808.89198558},"point_estimate":38425533.577564746,"standard_error":5695282.021311592}}