{"mean":{"confidence_interval":{"confidence_level":0.95,"lower_bound":8598813483.875,"upper_bound":8639886280.0},"point_estimate":8619713875.0,"standard_error":10481248.64989394},"median":{"confidence_interval":{"confidence_level":0.95,"lower_bound":8595488800.0,"upper_bound":8647336650.0},"point_estimate":8623284000.0,"standard_error":13644782.592468357},"median_abs_dev":{"confidence_interval":{"confidence_level":0.95,"lower_bound":9787457.856237888,"upper_bound":58600616.45463109},"point_estimate":35350372.47240543,"standard_error":13221105.531271167},"slope":null,"std_dev":{"confidence_interval":{"confidence_level":0.95,"lower_bound":19104550.664695885,"upper_bound":44852645.117796056},"point_estimate":34926532.28523052,"standard_error":6692704.296011621}}