{"mean":{"confidence_interval":{"confidence_level":0.95,"lower_bound":287363282.5,"upper_bound":288795005.1875},"point_estimate":288108425.0,"standard_error":368671.8018937806},"median":{"confidence_interval":{"confidence_level":0.95,"lower_bound":287178981.25,"upper_bound":289240712.5},"point_estimate":288026412.5,"standard_error":445699.5575867385},"median_abs_dev":{"confidence_interval":{"confidence_level":0.95,"lower_bound":98685.56074798107,"upper_bound":2239884.2414841056},"point_estimate":1398833.0751657486,"standard_error":627727.1134672221},"slope":null,"std_dev":{"confidence_interval":{"confidence_level":0.95,"lower_bound":628144.3099146286,"upper_bound":1559328.894019462},"point_estimate":1229527.3887786902,"standard_error":244138.7885722051}}