{"mean":{"confidence_interval":{"confidence_level":0.95,"lower_bound":303265170.0,"upper_bound":304131250.375},"point_estimate":303696413.75,"standard_error":220720.50987155378},"median":{"confidence_interval":{"confidence_level":0.95,"lower_bound":303076450.0,"upper_bound":304543225.0},"point_estimate":303661556.25,"standard_error":377106.3615270864},"median_abs_dev":{"confidence_interval":{"confidence_level":0.95,"lower_bound":60212.09143102169,"upper_bound":1268753.4599751234},"point_estimate":947483.3119288087,"standard_error":306763.22170250386},"slope":null,"std_dev":{"confidence_interval":{"confidence_level":0.95,"lower_bound":460252.07913831796,"upper_bound":877708.8038461038},"point_estimate":734729.6052717947,"standard_error":105975.36498071288}}