{"mean":{"confidence_interval":{"confidence_level":0.95,"lower_bound":305969039.4375,"upper_bound":306712832.6875},"point_estimate":306347912.5,"standard_error":191059.26680366532},"median":{"confidence_interval":{"confidence_level":0.95,"lower_bound":305807700.0,"upper_bound":306918675.0},"point_estimate":306381900.0,"standard_error":364885.3951102893},"median_abs_dev":{"confidence_interval":{"confidence_level":0.95,"lower_bound":135250.18259882927,"upper_bound":1004758.0021619797},"point_estimate":823565.7528787851,"standard_error":255449.35559180888},"slope":null,"std_dev":{"confidence_interval":{"confidence_level":0.95,"lower_bound":417977.2990994846,"upper_bound":754200.4634243564},"point_estimate":636452.0462046261,"standard_error":86459.36870401504}}