{"mean":{"confidence_interval":{"confidence_level":0.95,"lower_bound":1432778.2662337662,"upper_bound":1443031.187878788},"point_estimate":1437335.9134199137,"standard_error":2795.563590384866},"median":{"confidence_interval":{"confidence_level":0.95,"lower_bound":1428417.2835497835,"upper_bound":1445501.7316017316},"point_estimate":1436793.0735930735,"standard_error":5133.9930185097455},"median_abs_dev":{"confidence_interval":{"confidence_level":0.95,"lower_bound":7638.021318943558,"upper_bound":23795.55307754467},"point_estimate":16555.699706077692,"standard_error":3935.8519432069506},"slope":null,"std_dev":{"confidence_interval":{"confidence_level":0.95,"lower_bound":11393.549914311865,"upper_bound":17492.38923097364},"point_estimate":14796.34243888202,"standard_error":1574.7956742336646}}