{"mean":{"confidence_interval":{"confidence_level":0.95,"lower_bound":1442129.1140350879,"upper_bound":1450706.0346491227},"point_estimate":1446573.1578947369,"standard_error":2435.800657759451},"median":{"confidence_interval":{"confidence_level":0.95,"lower_bound":1439342.5438596492,"upper_bound":1452336.403508772},"point_estimate":1443464.0350877193,"standard_error":3280.534810679981},"median_abs_dev":{"confidence_interval":{"confidence_level":0.95,"lower_bound":7076.813821729812,"upper_bound":16204.281245211312},"point_estimate":13154.173187519302,"standard_error":2345.416094328169},"slope":null,"std_dev":{"confidence_interval":{"confidence_level":0.95,"lower_bound":9009.53367867049,"upper_bound":19923.9489176018},"point_estimate":14754.887867303865,"standard_error":3230.606492764141}}