{"mean":{"confidence_interval":{"confidence_level":0.95,"lower_bound":1371947.7681481482,"upper_bound":1377148.7637037039},"point_estimate":1374191.3185185185,"standard_error":1447.48829860318},"median":{"confidence_interval":{"confidence_level":0.95,"lower_bound":1370275.1851851852,"upper_bound":1375950.5092592593},"point_estimate":1371722.2222222222,"standard_error":1467.934953949722},"median_abs_dev":{"confidence_interval":{"confidence_level":0.95,"lower_bound":2136.467745403488,"upper_bound":11815.22356801573},"point_estimate":7149.426539739012,"standard_error":2466.214330370605},"slope":null,"std_dev":{"confidence_interval":{"confidence_level":0.95,"lower_bound":6623.041811204885,"upper_bound":10093.150287048169},"point_estimate":8457.243583688249,"standard_error":914.9340086674546}}