{"mean":{"confidence_interval":{"confidence_level":0.95,"lower_bound":11056634.955555556,"upper_bound":11516426.666666662},"point_estimate":11262929.11111111,"standard_error":117850.17581307961},"median":{"confidence_interval":{"confidence_level":0.95,"lower_bound":10880126.666666668,"upper_bound":11283910.0},"point_estimate":11014933.333333332,"standard_error":123576.90915203874},"median_abs_dev":{"confidence_interval":{"confidence_level":0.95,"lower_bound":112138.92000913528,"upper_bound":585197.0356106758},"point_estimate":307679.03053760435,"standard_error":126181.7291234894},"slope":null,"std_dev":{"confidence_interval":{"confidence_level":0.95,"lower_bound":296697.696709109,"upper_bound":908693.6850461833},"point_estimate":655441.0291332188,"standard_error":158271.80550248086}}